DATE,URL,PERF
2025-07-10T15:31:55+05:30-mobile-https://www.growfin.ai/solutions/for-supply-chain-industry-0.58
2025-07-10T15:32:34+05:30-mobile-https://www.growfin.ai/solutions/for-healthcare-industry-0.5
2025-07-10T15:33:08+05:30-mobile-https://www.growfin.ai/solutions/for-software-industry-0.58
2025-07-10T15:33:38+05:30-mobile-https://www.growfin.ai/products/receivables-automation-0.52
2025-07-10T15:34:08+05:30-mobile-https://www.growfin.ai/products/cash-application-0.56
2025-07-10T15:34:31+05:30-mobile-https://www.growfin.ai/book-a-demo-0.58
2025-07-10T15:35:34+05:30-mobile-https://www.growfin.ai/erp/netsuite-0.31
2025-07-10T15:36:01+05:30-mobile-https://www.growfin.ai/resources/blog-0.6
2025-07-10T15:36:29+05:30-mobile-https://www.growfin.ai/resources/case-studies-0.59
2025-07-10T15:37:18+05:30-mobile-https://www.growfin.ai/lp/collections-software-0.4
2025-07-10T15:38:10+05:30-mobile-https://www.growfin.ai/lp/account-receivable-software-1-0.57
2025-07-10T15:38:46+05:30-mobile-https://www.growfin.ai/lp/dunning-software-0.64
2025-07-10T15:39:21+05:30-mobile-https://www.growfin.ai/lp/tesorio-alternative-0.6
2025-07-10T15:39:56+05:30-mobile-https://www.growfin.ai/upflow-alternative-0.63
2025-07-10T15:40:47+05:30-mobile-https://www.growfin.ai/lp/kolleno-alternative-0.41
2025-07-10T15:43:37+05:30-mobile-https://www.growfin.ai/lp/billtrust-growfin-0.34
2025-07-10T15:44:14+05:30-mobile-https://www.growfin.ai/lp/gaviti-growfin-0.58
2025-07-10T15:44:42+05:30-mobile-https://www.growfin.ai/lp/highradius-alternative-0.64
2025-07-10T15:45:18+05:30-mobile-https://www.growfin.ai/lp/yaypay-alternative-0.63
2025-07-10T15:45:49+05:30-desktop-https://www.growfin.ai/solutions/for-supply-chain-industry-0.89
2025-07-10T15:46:24+05:30-desktop-https://www.growfin.ai/solutions/for-healthcare-industry-0.81
2025-07-10T15:46:58+05:30-desktop-https://www.growfin.ai/solutions/for-software-industry-0.73
2025-07-10T15:47:35+05:30-desktop-https://www.growfin.ai/products/receivables-automation-0.67
2025-07-10T15:48:04+05:30-desktop-https://www.growfin.ai/products/cash-application-0.88
2025-07-10T15:48:32+05:30-desktop-https://www.growfin.ai/book-a-demo-0.88
2025-07-10T15:49:34+05:30-desktop-https://www.growfin.ai/erp/netsuite-0.61
2025-07-10T15:49:59+05:30-desktop-https://www.growfin.ai/resources/blog-0.96
2025-07-10T15:50:25+05:30-desktop-https://www.growfin.ai/resources/case-studies-0.89
2025-07-10T15:51:10+05:30-desktop-https://www.growfin.ai/lp/collections-software-0.66
2025-07-10T15:51:50+05:30-desktop-https://www.growfin.ai/lp/account-receivable-software-1-0.63
2025-07-10T15:52:18+05:30-desktop-https://www.growfin.ai/lp/dunning-software-0.95
2025-07-10T15:52:48+05:30-desktop-https://www.growfin.ai/lp/tesorio-alternative-0.9
